{"mae": 0.47344315168905615, "rmse": 4.882037647393123, "r2": 0.9977307463049151}