{"mae": 0.16555983254625184, "rmse": 7.498859429935184, "r2": 0.9545450620927094}