{
  "structural_pct": 1.0,
  "clean_rows_pct": 1.0,
  "geo_accuracy": 0.999977376248077,
  "time_consistency": 1.0,
  "total_score": 99.99943440620193
}